Concurrent Requests,Total Requests,Requests/Second,Successes,Failures,Losses,Success Rate,Successful Requests/Second,Started,Ended,Configured Requests/Second,Test Mode,Send Phase Duration,Drain Phase Duration,Actual Send Rate,Matched Responses,Unmatched Responses,Duplicate Responses,Timed-Out Outstanding Requests,Maximum Send Lateness (ms),Average Send Lateness (ms),Minimum Observed Inter-Send Gap (us),Maximum Observed Inter-Send Gap (ms),Sends Violating Minimum Gap,Schedule Recovery Duration (ms),Sender Blocked by Outstanding Window Duration (ms),Grace Period (ms),Required Drain Period (ms)
0,94486,"18,897.20",91994,0,2492,97.36%,"18,398.80",2026-09-13T12:42:07.0203892-04:00,2026-09-13T12:42:22.0965711-04:00,19500,Paced,5.000000,10.012258,"18,897.20",91994,0,0,2492,12.957,0.002,51.200,13.008,0,0.000,0.000,3000,10000
1,95147,"19,029.40",91645,0,3502,96.32%,"18,329.00",2026-09-13T12:42:23.1283325-04:00,2026-09-13T12:42:38.1656601-04:00,19500,Paced,5.000000,10.001198,"19,029.40",91645,0,0,3502,12.367,0.001,51.200,12.419,0,0.000,0.000,3000,10000
2,95396,"19,079.20",91641,0,3755,96.06%,"18,328.20",2026-09-13T12:42:39.1770881-04:00,2026-09-13T12:42:54.2191847-04:00,19500,Paced,5.000000,10.007615,"19,079.20",91641,0,0,3755,11.824,0.001,51.200,11.876,0,0.000,0.000,3000,10000
3,95533,"19,106.60",91653,0,3880,95.94%,"18,330.60",2026-09-13T12:42:55.2292749-04:00,2026-09-13T12:43:10.3084498-04:00,19500,Paced,5.000000,10.010639,"19,106.60",91653,0,0,3880,20.405,0.001,51.200,20.457,0,0.000,0.000,3000,10000
4,95549,"19,109.80",91548,0,4001,95.81%,"18,309.60",2026-09-13T12:43:11.3297804-04:00,2026-09-13T12:43:26.3950837-04:00,19500,Paced,5.000000,10.014644,"19,109.80",91548,0,0,4001,21.563,0.001,51.200,21.648,0,0.000,0.000,3000,10000
5,95018,"19,003.60",91535,0,3483,96.33%,"18,307.00",2026-09-13T12:43:27.4188096-04:00,2026-09-13T12:43:42.5141118-04:00,19500,Paced,5.000000,10.002336,"19,003.60",91535,0,0,3483,27.116,0.001,51.200,27.167,0,0.000,0.000,3000,10000
6,95699,"19,139.80",91499,0,4200,95.61%,"18,299.80",2026-09-13T12:43:43.5419641-04:00,2026-09-13T12:43:58.6238471-04:00,19500,Paced,5.000000,10.012650,"19,139.80",91499,0,0,4200,24.061,0.001,51.200,24.113,0,0.000,0.000,3000,10000
7,95607,"19,121.40",91528,0,4079,95.73%,"18,305.60",2026-09-13T12:43:59.6535980-04:00,2026-09-13T12:44:14.7694508-04:00,19500,Paced,5.000000,10.002868,"19,121.40",91528,0,0,4079,25.998,0.001,51.200,26.050,0,0.000,0.000,3000,10000
8,95009,"19,001.80",90757,0,4252,95.52%,"18,151.40",2026-09-13T12:44:15.7976180-04:00,2026-09-13T12:44:30.9416293-04:00,19500,Paced,5.000000,10.004613,"19,001.80",90757,0,0,4252,29.833,0.001,51.200,29.884,0,0.000,0.000,3000,10000
9,95511,"19,102.20",91295,0,4216,95.59%,"18,259.00",2026-09-13T12:44:31.9648075-04:00,2026-09-13T12:44:47.0586881-04:00,19500,Paced,5.000000,10.002940,"19,102.20",91295,0,0,4216,29.207,0.001,51.200,29.274,0,0.000,0.000,3000,10000
10,94915,"18,983.00",90679,0,4236,95.54%,"18,135.80",2026-09-13T12:44:48.0868697-04:00,2026-09-13T12:45:03.2666860-04:00,19500,Paced,5.000000,10.007874,"18,983.00",90679,0,0,4236,30.195,0.001,51.200,30.246,0,0.000,0.000,3000,10000
11,95391,"19,078.20",91128,0,4263,95.53%,"18,225.60",2026-09-13T12:45:04.3043850-04:00,2026-09-13T12:45:19.4333717-04:00,19500,Paced,5.000000,10.007302,"19,078.20",91128,0,0,4263,29.493,0.001,51.200,29.544,0,0.000,0.000,3000,10000
12,95010,"19,002.00",90754,0,4256,95.52%,"18,150.80",2026-09-13T12:45:20.4756025-04:00,2026-09-13T12:45:35.6299438-04:00,19500,Paced,5.000000,10.013048,"19,002.00",90754,0,0,4256,31.267,0.001,51.200,31.318,0,0.000,0.000,3000,10000
13,95434,"19,086.80",91270,0,4164,95.64%,"18,254.00",2026-09-13T12:45:36.6588934-04:00,2026-09-13T12:45:51.8374112-04:00,19500,Paced,5.000000,10.015032,"19,086.80",91270,0,0,4164,31.375,0.001,51.200,31.427,0,0.000,0.000,3000,10000
14,94236,"18,847.20",90118,0,4118,95.63%,"18,023.60",2026-09-13T12:45:52.8833853-04:00,2026-09-13T12:46:08.0934206-04:00,19500,Paced,5.000000,10.001081,"18,847.20",90118,0,0,4118,34.020,0.002,51.200,34.109,0,0.000,0.000,3000,10000
15,94852,"18,970.40",90598,0,4254,95.52%,"18,119.60",2026-09-13T12:46:09.1430424-04:00,2026-09-13T12:46:24.2839439-04:00,19500,Paced,5.000000,10.002420,"18,970.40",90598,0,0,4254,32.035,0.002,51.200,32.087,0,0.000,0.000,3000,10000
16,94883,"18,976.60",90695,0,4188,95.59%,"18,139.00",2026-09-13T12:46:25.3292585-04:00,2026-09-13T12:46:40.5123212-04:00,19500,Paced,5.000000,10.004361,"18,976.60",90695,0,0,4188,31.689,0.001,51.200,31.740,0,0.000,0.000,3000,10000
17,95206,"19,041.20",91194,0,4012,95.79%,"18,238.80",2026-09-13T12:46:41.5541181-04:00,2026-09-13T12:46:56.7731182-04:00,19500,Paced,5.000000,10.007526,"19,041.20",91194,0,0,4012,33.463,0.001,51.200,33.514,0,0.000,0.000,3000,10000
18,95072,"19,014.40",91089,0,3983,95.81%,"18,217.80",2026-09-13T12:46:57.8208510-04:00,2026-09-13T12:47:13.0756104-04:00,19500,Paced,5.000000,10.006521,"19,014.40",91089,0,0,3983,36.012,0.001,51.200,36.064,0,0.000,0.000,3000,10000
19,95054,"19,010.80",91075,0,3979,95.81%,"18,215.00",2026-09-13T12:47:14.1213146-04:00,2026-09-13T12:47:29.3853713-04:00,19500,Paced,5.000000,10.006039,"19,010.80",91075,0,0,3979,34.264,0.001,51.200,34.315,0,0.000,0.000,3000,10000
20,94481,"18,896.20",90494,0,3987,95.78%,"18,098.80",2026-09-13T12:47:30.4409238-04:00,2026-09-13T12:47:45.6895307-04:00,19500,Paced,5.000000,10.010738,"18,896.20",90494,0,0,3987,38.935,0.002,51.200,38.987,0,0.000,0.000,3000,10000
21,94235,"18,847.00",90350,0,3885,95.88%,"18,070.00",2026-09-13T12:47:46.7496831-04:00,2026-09-13T12:48:02.0038782-04:00,19500,Paced,5.000000,10.006583,"18,847.00",90350,0,0,3885,32.430,0.002,51.200,32.481,0,0.000,0.000,3000,10000
22,94804,"18,960.80",90744,0,4060,95.72%,"18,148.80",2026-09-13T12:48:03.0651716-04:00,2026-09-13T12:48:18.3463050-04:00,19500,Paced,5.000000,10.012854,"18,960.80",90744,0,0,4060,35.073,0.001,51.200,35.124,0,0.000,0.000,3000,10000
23,94729,"18,945.80",90637,0,4092,95.68%,"18,127.40",2026-09-13T12:48:19.4116272-04:00,2026-09-13T12:48:34.6661821-04:00,19500,Paced,5.000000,10.010772,"18,945.80",90637,0,0,4092,32.887,0.001,51.200,32.939,0,0.000,0.000,3000,10000
24,94717,"18,943.40",90789,0,3928,95.85%,"18,157.80",2026-09-13T12:48:35.7285243-04:00,2026-09-13T12:48:51.0009331-04:00,19500,Paced,5.000000,10.008325,"18,943.40",90789,0,0,3928,20.045,0.001,51.200,20.096,0,0.000,0.000,3000,10000
25,94450,"18,890.00",90577,0,3873,95.90%,"18,115.40",2026-09-13T12:48:52.0670237-04:00,2026-09-13T12:49:07.3367526-04:00,19500,Paced,5.000000,10.012688,"18,890.00",90577,0,0,3873,20.314,0.001,51.200,21.181,0,0.000,0.000,3000,10000
26,93958,"18,791.60",90151,0,3807,95.95%,"18,030.20",2026-09-13T12:49:08.4095663-04:00,2026-09-13T12:49:23.7233424-04:00,19500,Paced,5.000000,10.013135,"18,791.60",90151,0,0,3807,31.693,0.002,51.200,31.744,0,0.000,0.000,3000,10000
27,94473,"18,894.60",90705,0,3768,96.01%,"18,141.00",2026-09-13T12:49:24.7940320-04:00,2026-09-13T12:49:40.1528366-04:00,19500,Paced,5.000000,10.003784,"18,894.60",90705,0,0,3768,18.315,0.001,51.200,19.198,0,0.000,0.000,3000,10000
28,94440,"18,888.00",90642,0,3798,95.98%,"18,128.40",2026-09-13T12:49:41.2152715-04:00,2026-09-13T12:49:56.5776342-04:00,19500,Paced,5.000000,10.004804,"18,888.00",90642,0,0,3798,21.157,0.001,51.200,22.151,0,0.000,0.000,3000,10000
29,93575,"18,715.00",90074,0,3501,96.26%,"18,014.80",2026-09-13T12:49:57.6460246-04:00,2026-09-13T12:50:12.9390994-04:00,19500,Paced,5.000000,10.006052,"18,715.00",90074,0,0,3501,31.368,0.002,51.200,31.419,0,0.000,0.000,3000,10000
30,94009,"18,801.80",90214,0,3795,95.96%,"18,042.80",2026-09-13T12:50:14.0117918-04:00,2026-09-13T12:50:29.4048838-04:00,19500,Paced,5.000000,10.015849,"18,801.80",90214,0,0,3795,21.788,0.002,51.200,22.701,0,0.000,0.000,3000,10000
31,94042,"18,808.40",90473,0,3569,96.20%,"18,094.60",2026-09-13T12:50:30.4827861-04:00,2026-09-13T12:50:45.8602554-04:00,19500,Paced,5.000000,10.010581,"18,808.40",90473,0,0,3569,34.834,0.002,51.200,34.885,0,0.000,0.000,3000,10000
32,93701,"18,740.20",90090,0,3611,96.15%,"18,018.00",2026-09-13T12:50:46.9344371-04:00,2026-09-13T12:51:02.3466284-04:00,19500,Paced,5.000000,10.010644,"18,740.20",90090,0,0,3611,28.040,0.002,51.200,28.276,0,0.000,0.000,3000,10000
33,93836,"18,767.20",90447,0,3389,96.39%,"18,089.40",2026-09-13T12:51:03.4179214-04:00,2026-09-13T12:51:18.7711054-04:00,19500,Paced,5.000000,10.012785,"18,767.20",90447,0,0,3389,43.695,0.002,51.200,43.746,0,0.000,0.000,3000,10000
34,93735,"18,747.00",90363,0,3372,96.40%,"18,072.60",2026-09-13T12:51:19.8523399-04:00,2026-09-13T12:51:35.2552544-04:00,19500,Paced,5.000000,10.008351,"18,747.00",90363,0,0,3372,31.484,0.002,51.200,32.640,0,0.000,0.000,3000,10000
35,92806,"18,561.20",89469,0,3337,96.40%,"17,893.80",2026-09-13T12:51:36.3383634-04:00,2026-09-13T12:51:52.0616615-04:00,19500,Paced,5.000000,10.007915,"18,561.20",89469,0,0,3337,35.735,0.002,51.200,36.835,0,0.000,0.000,3000,10000
36,93370,"18,674.00",90153,0,3217,96.55%,"18,030.60",2026-09-13T12:51:53.1955099-04:00,2026-09-13T12:52:08.5604477-04:00,19500,Paced,5.000000,10.008096,"18,674.00",90153,0,0,3217,28.493,0.002,51.200,29.652,0,0.000,0.000,3000,10000
37,92943,"18,588.60",89698,0,3245,96.51%,"17,939.60",2026-09-13T12:52:09.6452224-04:00,2026-09-13T12:52:24.9948208-04:00,19500,Paced,5.000000,10.012630,"18,588.60",89698,0,0,3245,47.530,0.002,51.200,48.486,0,0.000,0.000,3000,10000
38,93542,"18,708.40",90312,0,3230,96.55%,"18,062.40",2026-09-13T12:52:26.0764176-04:00,2026-09-13T12:52:41.4642981-04:00,19500,Paced,5.000000,10.000709,"18,708.40",90312,0,0,3230,60.168,0.002,51.200,60.269,0,0.000,0.000,3000,10000
39,92988,"18,597.60",90068,0,2920,96.86%,"18,013.60",2026-09-13T12:52:42.5491125-04:00,2026-09-13T12:52:57.9200555-04:00,19500,Paced,5.000000,10.007465,"18,597.60",90068,0,0,2920,27.361,0.002,51.200,28.307,0,0.000,0.000,3000,10000
40,93013,"18,602.60",90174,0,2839,96.95%,"18,034.80",2026-09-13T12:52:59.0196287-04:00,2026-09-13T12:53:14.4475896-04:00,19500,Paced,5.000000,10.010183,"18,602.60",90174,0,0,2839,35.703,0.002,51.200,36.638,0,0.000,0.000,3000,10000
41,92279,"18,455.80",89597,0,2682,97.09%,"17,919.40",2026-09-13T12:53:15.5302288-04:00,2026-09-13T12:53:31.0394006-04:00,19500,Paced,5.000000,10.015870,"18,455.80",89597,0,0,2682,35.806,0.003,51.200,36.878,0,0.000,0.000,3000,10000
42,92348,"18,469.60",90170,0,2178,97.64%,"18,034.00",2026-09-13T12:53:32.1335561-04:00,2026-09-13T12:53:47.6170871-04:00,19500,Paced,5.000000,10.003540,"18,469.60",90170,0,0,2178,37.377,0.003,51.200,38.221,0,0.000,0.000,3000,10000
43,92220,"18,444.00",89729,0,2491,97.30%,"17,945.80",2026-09-13T12:53:48.7217989-04:00,2026-09-13T12:54:04.2237939-04:00,19500,Paced,5.000000,10.008228,"18,444.00",89729,0,0,2491,36.675,0.003,51.200,37.606,0,0.000,0.000,3000,10000
44,92053,"18,410.60",89430,0,2623,97.15%,"17,886.00",2026-09-13T12:54:05.3213565-04:00,2026-09-13T12:54:20.7801591-04:00,19500,Paced,5.000000,10.001726,"18,410.60",89430,0,0,2623,67.708,0.003,51.200,68.400,0,0.000,0.000,3000,10000
45,92512,"18,502.40",90105,0,2407,97.40%,"18,021.00",2026-09-13T12:54:21.8896896-04:00,2026-09-13T12:54:37.4109097-04:00,19500,Paced,5.000000,10.007336,"18,502.40",90105,0,0,2407,64.187,0.003,51.200,64.238,0,0.000,0.000,3000,10000
46,91529,"18,305.80",89228,0,2301,97.49%,"17,845.60",2026-09-13T12:54:38.5087602-04:00,2026-09-13T12:54:54.0247913-04:00,19500,Paced,5.000000,10.014562,"18,305.80",89228,0,0,2301,59.505,0.003,51.200,59.556,0,0.000,0.000,3000,10000
47,91700,"18,340.00",89323,0,2377,97.41%,"17,864.60",2026-09-13T12:54:55.1341199-04:00,2026-09-13T12:55:10.6541825-04:00,19500,Paced,5.000000,10.002919,"18,340.00",89323,0,0,2377,43.671,0.003,51.200,43.722,0,0.000,0.000,3000,10000
48,91398,"18,279.60",88985,0,2413,97.36%,"17,797.00",2026-09-13T12:55:11.7568931-04:00,2026-09-13T12:55:27.2457883-04:00,19500,Paced,5.000000,10.011844,"18,279.60",88985,0,0,2413,45.839,0.003,51.200,45.890,0,0.000,0.000,3000,10000
49,91342,"18,268.40",89099,0,2243,97.54%,"17,819.80",2026-09-13T12:55:28.3619170-04:00,2026-09-13T12:55:43.8994347-04:00,19500,Paced,5.000000,10.012535,"18,268.40",89099,0,0,2243,59.956,0.003,51.200,61.020,0,0.000,0.000,3000,10000
50,91382,"18,276.40",89098,0,2284,97.50%,"17,819.60",2026-09-13T12:55:45.0029134-04:00,2026-09-13T12:56:00.5249824-04:00,19500,Paced,5.000000,10.016441,"18,276.40",89098,0,0,2284,62.472,0.003,51.200,62.523,0,0.000,0.000,3000,10000
51,90808,"18,161.60",88446,0,2362,97.40%,"17,689.20",2026-09-13T12:56:01.6315940-04:00,2026-09-13T12:56:17.2228753-04:00,19500,Paced,5.000000,10.008172,"18,161.60",88446,0,0,2362,61.281,0.004,51.200,62.467,0,0.000,0.000,3000,10000
52,90548,"18,109.60",88473,0,2075,97.71%,"17,694.60",2026-09-13T12:56:18.3329568-04:00,2026-09-13T12:56:33.8087759-04:00,19500,Paced,5.000000,10.000838,"18,109.60",88473,0,0,2075,59.226,0.004,51.200,59.277,0,0.000,0.000,3000,10000
53,91303,"18,260.60",87998,0,3305,96.38%,"17,599.60",2026-09-13T12:56:34.9288503-04:00,2026-09-13T12:56:50.4878422-04:00,19500,Paced,5.000000,10.002225,"18,260.60",87998,0,0,3305,51.583,0.004,51.200,51.634,0,0.000,0.000,3000,10000
54,90630,"18,126.00",87562,0,3068,96.61%,"17,512.40",2026-09-13T12:56:51.6053306-04:00,2026-09-13T12:57:07.0508600-04:00,19500,Paced,5.000000,10.000610,"18,126.00",87562,0,0,3068,56.065,0.004,51.200,56.117,0,0.000,0.000,3000,10000
55,90108,"18,021.60",87948,0,2160,97.60%,"17,589.60",2026-09-13T12:57:08.1784713-04:00,2026-09-13T12:57:23.7992444-04:00,19500,Paced,5.000000,10.011807,"18,021.60",87948,0,0,2160,70.855,0.004,51.200,70.906,0,0.000,0.000,3000,10000
56,90916,"18,183.20",87367,0,3549,96.10%,"17,473.40",2026-09-13T12:57:24.9299780-04:00,2026-09-13T12:57:40.5238419-04:00,19500,Paced,5.000000,10.009968,"18,183.20",87367,0,0,3549,54.971,0.004,51.200,55.172,0,0.000,0.000,3000,10000
57,91006,"18,201.20",88653,0,2353,97.41%,"17,730.60",2026-09-13T12:57:41.6768099-04:00,2026-09-13T12:57:57.2824668-04:00,19500,Paced,5.000000,10.002914,"18,201.20",88653,0,0,2353,55.089,0.004,51.200,57.149,0,0.000,0.000,3000,10000
58,90007,"18,001.40",87570,0,2437,97.29%,"17,514.00",2026-09-13T12:57:58.4065041-04:00,2026-09-13T12:58:14.0739471-04:00,19500,Paced,5.000000,10.008408,"18,001.40",87570,0,0,2437,41.553,0.004,51.200,41.604,0,0.000,0.000,3000,10000
59,90574,"18,114.80",87000,0,3574,96.05%,"17,400.00",2026-09-13T12:58:15.2099554-04:00,2026-09-13T12:58:30.8894604-04:00,19500,Paced,5.000000,10.013254,"18,114.80",87000,0,0,3574,46.464,0.004,51.200,46.818,0,0.000,0.000,3000,10000
60,90359,"18,071.80",88263,0,2096,97.68%,"17,652.60",2026-09-13T12:58:32.0545006-04:00,2026-09-13T12:58:47.6388005-04:00,19500,Paced,5.000000,10.001316,"18,071.80",88263,0,0,2096,52.563,0.004,51.200,52.614,0,0.000,0.000,3000,10000
61,90481,"18,096.20",87729,0,2752,96.96%,"17,545.80",2026-09-13T12:58:48.7742978-04:00,2026-09-13T12:59:04.4434038-04:00,19500,Paced,5.000000,10.005189,"18,096.20",87729,0,0,2752,60.839,0.004,51.200,60.891,0,0.000,0.000,3000,10000
62,90316,"18,063.20",87563,0,2753,96.95%,"17,512.60",2026-09-13T12:59:05.5831121-04:00,2026-09-13T12:59:21.1843567-04:00,19500,Paced,5.000000,10.013719,"18,063.20",87563,0,0,2753,33.094,0.004,51.200,33.146,0,0.000,0.000,3000,10000
63,90496,"18,099.20",87067,0,3429,96.21%,"17,413.40",2026-09-13T12:59:22.3223193-04:00,2026-09-13T12:59:37.9472022-04:00,19500,Paced,5.000000,10.012862,"18,099.20",87067,0,0,3429,48.260,0.004,51.200,48.312,0,0.000,0.000,3000,10000
64,90230,"18,046.00",87739,0,2491,97.24%,"17,547.80",2026-09-13T12:59:39.0846986-04:00,2026-09-13T12:59:54.8004810-04:00,19500,Paced,5.000000,10.004685,"18,046.00",87739,0,0,2491,51.340,0.004,51.200,52.313,0,0.000,0.000,3000,10000
65,90070,"18,014.00",87789,0,2281,97.47%,"17,557.80",2026-09-13T12:59:55.9792497-04:00,2026-09-13T13:00:11.7168034-04:00,19500,Paced,5.000000,10.005009,"18,014.00",87789,0,0,2281,45.988,0.004,51.200,46.697,0,0.000,0.000,3000,10000
66,89836,"17,967.20",87571,0,2265,97.48%,"17,514.20",2026-09-13T13:00:12.8656393-04:00,2026-09-13T13:00:28.6283306-04:00,19500,Paced,5.000000,10.012160,"17,967.20",87571,0,0,2265,63.804,0.004,51.200,64.386,0,0.000,0.000,3000,10000
67,89902,"17,980.40",87743,0,2159,97.60%,"17,548.60",2026-09-13T13:00:29.8565200-04:00,2026-09-13T13:00:45.5182668-04:00,19500,Paced,5.000000,10.000553,"17,980.40",87743,0,0,2159,28.010,0.004,51.200,28.062,0,0.000,0.000,3000,10000
68,89475,"17,895.00",87228,0,2247,97.49%,"17,445.60",2026-09-13T13:00:46.6636114-04:00,2026-09-13T13:01:02.3204545-04:00,19500,Paced,5.000000,10.009490,"17,895.00",87228,0,0,2247,50.038,0.005,51.200,50.089,0,0.000,0.000,3000,10000
69,89513,"17,902.60",85866,0,3647,95.93%,"17,173.20",2026-09-13T13:01:03.4761191-04:00,2026-09-13T13:01:19.2659369-04:00,19500,Paced,5.000000,10.004789,"17,902.60",85866,0,0,3647,57.220,0.005,51.200,57.678,0,0.000,0.000,3000,10000
70,89488,"17,897.60",87098,0,2390,97.33%,"17,419.60",2026-09-13T13:01:20.4164366-04:00,2026-09-13T13:01:36.1027961-04:00,19500,Paced,5.000000,10.007869,"17,897.60",87098,0,0,2390,52.901,0.005,51.200,53.755,0,0.000,0.000,3000,10000
71,89594,"17,918.80",86920,0,2674,97.02%,"17,384.00",2026-09-13T13:01:37.2592866-04:00,2026-09-13T13:01:53.0424679-04:00,19500,Paced,5.000000,10.014993,"17,918.80",86920,0,0,2674,49.936,0.005,51.200,51.109,0,0.000,0.000,3000,10000
72,88835,"17,767.00",86465,0,2370,97.33%,"17,293.00",2026-09-13T13:01:54.2048851-04:00,2026-09-13T13:02:10.0005739-04:00,19500,Paced,5.000000,10.009726,"17,767.00",86465,0,0,2370,41.726,0.005,51.200,41.778,0,0.000,0.000,3000,10000
73,89310,"17,862.00",86635,0,2675,97.00%,"17,327.00",2026-09-13T13:02:11.1857629-04:00,2026-09-13T13:02:27.0040424-04:00,19500,Paced,5.000000,10.011727,"17,862.00",86635,0,0,2675,54.534,0.005,51.200,55.803,0,0.000,0.000,3000,10000
74,89024,"17,804.80",86510,0,2514,97.18%,"17,302.00",2026-09-13T13:02:28.1691315-04:00,2026-09-13T13:02:44.0022955-04:00,19500,Paced,5.000000,10.009867,"17,804.80",86510,0,0,2514,40.983,0.005,51.200,42.456,0,0.000,0.000,3000,10000
75,89193,"17,838.60",86878,0,2315,97.40%,"17,375.60",2026-09-13T13:02:45.1813000-04:00,2026-09-13T13:03:01.0085959-04:00,19500,Paced,5.000000,10.003793,"17,838.60",86878,0,0,2315,56.398,0.005,51.200,57.460,0,0.000,0.000,3000,10000
76,89131,"17,826.20",85695,0,3436,96.15%,"17,139.00",2026-09-13T13:03:02.1903396-04:00,2026-09-13T13:03:17.8839067-04:00,19500,Paced,5.000000,10.001652,"17,826.20",85695,0,0,3436,69.548,0.005,51.200,71.129,0,0.000,0.000,3000,10000
77,89085,"17,817.00",86629,0,2456,97.24%,"17,325.80",2026-09-13T13:03:19.0802428-04:00,2026-09-13T13:03:34.9530126-04:00,19500,Paced,5.000000,10.008259,"17,817.00",86629,0,0,2456,53.944,0.005,51.200,54.943,0,0.000,0.000,3000,10000
78,88483,"17,696.60",86671,0,1812,97.95%,"17,334.20",2026-09-13T13:03:36.1340926-04:00,2026-09-13T13:03:52.0080535-04:00,19500,Paced,5.000000,10.005040,"17,696.60",86671,0,0,1812,54.789,0.005,51.200,54.891,0,0.000,0.000,3000,10000
79,88384,"17,676.80",86301,0,2083,97.64%,"17,260.20",2026-09-13T13:03:53.2171568-04:00,2026-09-13T13:04:09.0720683-04:00,19500,Paced,5.000000,10.007103,"17,676.80",86301,0,0,2083,52.356,0.005,51.200,53.945,0,0.000,0.000,3000,10000
80,88214,"17,642.80",86075,0,2139,97.58%,"17,215.00",2026-09-13T13:04:10.3048264-04:00,2026-09-13T13:04:26.2055464-04:00,19500,Paced,5.000000,10.006801,"17,642.80",86075,0,0,2139,49.752,0.005,51.200,51.239,0,0.000,0.000,3000,10000
81,88399,"17,679.80",85864,0,2535,97.13%,"17,172.80",2026-09-13T13:04:27.4013050-04:00,2026-09-13T13:04:43.3265584-04:00,19500,Paced,5.000000,10.010674,"17,679.80",85864,0,0,2535,54.341,0.005,51.200,54.392,0,0.000,0.000,3000,10000
82,88606,"17,721.20",86449,0,2157,97.57%,"17,289.80",2026-09-13T13:04:44.5317369-04:00,2026-09-13T13:05:00.4543092-04:00,19500,Paced,5.000000,10.009407,"17,721.20",86449,0,0,2157,62.441,0.005,51.200,62.781,0,0.000,0.000,3000,10000
83,88755,"17,751.00",86327,0,2428,97.26%,"17,265.40",2026-09-13T13:05:01.6362462-04:00,2026-09-13T13:05:17.4152436-04:00,19500,Paced,5.000000,10.006771,"17,751.00",86327,0,0,2428,56.521,0.005,51.200,56.572,0,0.000,0.000,3000,10000
84,88078,"17,615.60",85667,0,2411,97.26%,"17,133.40",2026-09-13T13:05:18.6058313-04:00,2026-09-13T13:05:34.5583360-04:00,19500,Paced,5.000000,10.007135,"17,615.60",85667,0,0,2411,68.460,0.006,51.200,69.638,0,0.000,0.000,3000,10000
85,88145,"17,629.00",85954,0,2191,97.51%,"17,190.80",2026-09-13T13:05:35.7356604-04:00,2026-09-13T13:05:51.7475093-04:00,19500,Paced,5.000000,10.000743,"17,629.00",85954,0,0,2191,40.132,0.005,51.200,41.720,0,0.000,0.000,3000,10000
86,88351,"17,670.20",86175,0,2176,97.54%,"17,235.00",2026-09-13T13:05:52.9394173-04:00,2026-09-13T13:06:08.8011077-04:00,19500,Paced,5.000000,10.000697,"17,670.20",86175,0,0,2176,32.676,0.005,51.200,32.727,0,0.000,0.000,3000,10000
87,88609,"17,721.80",86401,0,2208,97.51%,"17,280.20",2026-09-13T13:06:09.9912323-04:00,2026-09-13T13:06:25.7552294-04:00,19500,Paced,5.000000,10.010066,"17,721.80",86401,0,0,2208,65.862,0.005,51.200,66.521,0,0.000,0.000,3000,10000
88,87942,"17,588.40",85586,0,2356,97.32%,"17,117.20",2026-09-13T13:06:26.9546480-04:00,2026-09-13T13:06:42.6923735-04:00,19500,Paced,5.000000,10.011184,"17,588.40",85586,0,0,2356,50.392,0.006,51.200,52.133,0,0.000,0.000,3000,10000
89,88137,"17,627.40",86022,0,2115,97.60%,"17,204.40",2026-09-13T13:06:43.9109306-04:00,2026-09-13T13:06:59.8983529-04:00,19500,Paced,5.000000,10.005976,"17,627.40",86022,0,0,2115,51.736,0.005,51.200,53.580,0,0.000,0.000,3000,10000
90,87379,"17,475.80",85222,0,2157,97.53%,"17,044.40",2026-09-13T13:07:01.1237935-04:00,2026-09-13T13:07:17.0630279-04:00,19500,Paced,5.000000,10.009279,"17,475.80",85222,0,0,2157,50.831,0.006,51.200,52.112,0,0.000,0.000,3000,10000
91,87930,"17,586.00",85699,0,2231,97.46%,"17,139.80",2026-09-13T13:07:18.2716436-04:00,2026-09-13T13:07:34.1696069-04:00,19500,Paced,5.000000,10.013920,"17,586.00",85699,0,0,2231,50.499,0.006,51.200,52.292,0,0.000,0.000,3000,10000
92,87788,"17,557.60",85528,0,2260,97.43%,"17,105.60",2026-09-13T13:07:35.3878790-04:00,2026-09-13T13:07:51.4033243-04:00,19500,Paced,5.000000,10.004452,"17,557.60",85528,0,0,2260,51.835,0.006,51.200,52.551,0,0.000,0.000,3000,10000
93,87408,"17,481.60",84533,0,2875,96.71%,"16,906.60",2026-09-13T13:07:52.6301855-04:00,2026-09-13T13:08:08.6249121-04:00,19500,Paced,5.000000,10.008560,"17,481.60",84533,0,0,2875,47.090,0.006,51.200,48.986,0,0.000,0.000,3000,10000
94,87328,"17,465.60",84946,0,2382,97.27%,"16,989.20",2026-09-13T13:08:09.8416076-04:00,2026-09-13T13:08:25.8866925-04:00,19500,Paced,5.000000,10.010715,"17,465.60",84946,0,0,2382,56.814,0.006,51.200,58.453,0,0.000,0.000,3000,10000
95,87971,"17,594.20",85059,0,2912,96.69%,"17,011.80",2026-09-13T13:08:27.1016139-04:00,2026-09-13T13:08:42.9928086-04:00,19500,Paced,5.000000,10.005041,"17,594.20",85059,0,0,2912,55.782,0.005,51.200,57.165,0,0.000,0.000,3000,10000
96,87185,"17,437.00",83609,0,3576,95.90%,"16,721.80",2026-09-13T13:08:44.2038921-04:00,2026-09-13T13:09:00.1931171-04:00,19500,Paced,5.000000,10.006555,"17,437.00",83609,0,0,3576,52.772,0.006,51.200,55.079,0,0.000,0.000,3000,10000
97,85788,"17,157.60",83109,0,2679,96.88%,"16,621.80",2026-09-13T13:09:01.4102700-04:00,2026-09-13T13:09:17.3931376-04:00,19500,Paced,5.000000,10.012673,"17,157.60",83109,0,0,2679,57.198,0.007,51.200,59.299,0,0.000,0.000,3000,10000
98,87169,"17,433.80",84753,0,2416,97.23%,"16,950.60",2026-09-13T13:09:18.6277287-04:00,2026-09-13T13:09:34.5631049-04:00,19500,Paced,5.000000,10.015828,"17,433.80",84753,0,0,2416,54.197,0.006,51.200,55.940,0,0.000,0.000,3000,10000
99,87127,"17,425.40",84737,0,2390,97.26%,"16,947.40",2026-09-13T13:09:35.7915190-04:00,2026-09-13T13:09:51.7215748-04:00,19500,Paced,5.000000,10.009116,"17,425.40",84737,0,0,2390,56.087,0.006,51.200,58.240,0,0.000,0.000,3000,10000
100,86725,"17,345.00",84258,0,2467,97.16%,"16,851.60",2026-09-13T13:09:52.9508420-04:00,2026-09-13T13:10:08.8481231-04:00,19500,Paced,5.000000,10.014094,"17,345.00",84258,0,0,2467,48.512,0.006,51.200,49.348,0,0.000,0.000,3000,10000
